{"__symbolic":"module","version":1,"metadata":{"Testability":{"__symbolic":"class","decorators":[{"__symbolic":"call","expression":{"__symbolic":"reference","module":"../di","name":"Injectable"}}],"members":{"__ctor__":[{"__symbolic":"constructor","parameters":[{"__symbolic":"reference","module":"../zone/ng_zone","name":"NgZone"}]}],"_watchAngularEvents":[{"__symbolic":"method"}],"increasePendingRequestCount":[{"__symbolic":"method"}],"decreasePendingRequestCount":[{"__symbolic":"method"}],"isStable":[{"__symbolic":"method"}],"_runCallbacksIfReady":[{"__symbolic":"method"}],"whenStable":[{"__symbolic":"method"}],"getPendingRequestCount":[{"__symbolic":"method"}],"findBindings":[{"__symbolic":"method"}],"findProviders":[{"__symbolic":"method"}]}},"TestabilityRegistry":{"__symbolic":"class","decorators":[{"__symbolic":"call","expression":{"__symbolic":"reference","module":"../di","name":"Injectable"}}],"members":{"__ctor__":[{"__symbolic":"constructor"}],"registerApplication":[{"__symbolic":"method"}],"getTestability":[{"__symbolic":"method"}],"getAllTestabilities":[{"__symbolic":"method"}],"getAllRootElements":[{"__symbolic":"method"}],"findTestabilityInTree":[{"__symbolic":"method"}]}}}}