{"__symbolic":"module","version":1,"metadata":{"Directive":{"__symbolic":"call","expression":{"__symbolic":"reference","module":"../util/decorators","name":"makeDecorator"},"arguments":["Directive",{"selector":{"__symbolic":"reference","name":"undefined"},"inputs":{"__symbolic":"reference","name":"undefined"},"outputs":{"__symbolic":"reference","name":"undefined"},"host":{"__symbolic":"reference","name":"undefined"},"providers":{"__symbolic":"reference","name":"undefined"},"exportAs":{"__symbolic":"reference","name":"undefined"},"queries":{"__symbolic":"reference","name":"undefined"}}]},"Component":{"__symbolic":"call","expression":{"__symbolic":"reference","module":"../util/decorators","name":"makeDecorator"},"arguments":["Component",{"selector":{"__symbolic":"reference","name":"undefined"},"inputs":{"__symbolic":"reference","name":"undefined"},"outputs":{"__symbolic":"reference","name":"undefined"},"host":{"__symbolic":"reference","name":"undefined"},"exportAs":{"__symbolic":"reference","name":"undefined"},"moduleId":{"__symbolic":"reference","name":"undefined"},"providers":{"__symbolic":"reference","name":"undefined"},"viewProviders":{"__symbolic":"reference","name":"undefined"},"changeDetection":{"__symbolic":"select","expression":{"__symbolic":"reference","module":"../change_detection/constants","name":"ChangeDetectionStrategy"},"member":"Default"},"queries":{"__symbolic":"reference","name":"undefined"},"templateUrl":{"__symbolic":"reference","name":"undefined"},"template":{"__symbolic":"reference","name":"undefined"},"styleUrls":{"__symbolic":"reference","name":"undefined"},"styles":{"__symbolic":"reference","name":"undefined"},"animations":{"__symbolic":"reference","name":"undefined"},"encapsulation":{"__symbolic":"reference","name":"undefined"},"interpolation":{"__symbolic":"reference","name":"undefined"},"entryComponents":{"__symbolic":"reference","name":"undefined"}},{"__symbolic":"reference","name":"Directive"}]},"Pipe":{"__symbolic":"call","expression":{"__symbolic":"reference","module":"../util/decorators","name":"makeDecorator"},"arguments":["Pipe",{"name":{"__symbolic":"reference","name":"undefined"},"pure":true}]},"Input":{"__symbolic":"call","expression":{"__symbolic":"reference","module":"../util/decorators","name":"makePropDecorator"},"arguments":["Input",[["bindingPropertyName",{"__symbolic":"reference","name":"undefined"}]]]},"Output":{"__symbolic":"call","expression":{"__symbolic":"reference","module":"../util/decorators","name":"makePropDecorator"},"arguments":["Output",[["bindingPropertyName",{"__symbolic":"reference","name":"undefined"}]]]},"HostBinding":{"__symbolic":"call","expression":{"__symbolic":"reference","module":"../util/decorators","name":"makePropDecorator"},"arguments":["HostBinding",[["hostPropertyName",{"__symbolic":"reference","name":"undefined"}]]]},"HostListener":{"__symbolic":"call","expression":{"__symbolic":"reference","module":"../util/decorators","name":"makePropDecorator"},"arguments":["HostListener",[["eventName",{"__symbolic":"reference","name":"undefined"}],["args",[]]]]}}}