{"__symbolic":"module","version":1,"metadata":{"CUSTOM_ELEMENTS_SCHEMA":{"name":"custom-elements"},"NO_ERRORS_SCHEMA":{"name":"no-errors-schema"},"NgModule":{"__symbolic":"call","expression":{"__symbolic":"reference","module":"../util/decorators","name":"makeDecorator"},"arguments":["NgModule",{"providers":{"__symbolic":"reference","name":"undefined"},"declarations":{"__symbolic":"reference","name":"undefined"},"imports":{"__symbolic":"reference","name":"undefined"},"exports":{"__symbolic":"reference","name":"undefined"},"entryComponents":{"__symbolic":"reference","name":"undefined"},"bootstrap":{"__symbolic":"reference","name":"undefined"},"schemas":{"__symbolic":"reference","name":"undefined"},"id":{"__symbolic":"reference","name":"undefined"}}]}}}