{"__symbolic":"module","version":1,"metadata":{"CHECKBOX_VALUE_ACCESSOR":{"provide":{"__symbolic":"reference","module":"./control_value_accessor","name":"NG_VALUE_ACCESSOR"},"useExisting":{"__symbolic":"reference","name":"CheckboxControlValueAccessor"},"multi":true},"CheckboxControlValueAccessor":{"__symbolic":"class","decorators":[{"__symbolic":"call","expression":{"__symbolic":"reference","module":"@angular/core","name":"Directive"},"arguments":[{"selector":"input[type=checkbox][formControlName],input[type=checkbox][formControl],input[type=checkbox][ngModel]","host":{"(change)":"onChange($event.target.checked)","(blur)":"onTouched()"},"providers":[{"__symbolic":"reference","name":"CHECKBOX_VALUE_ACCESSOR"}]}]}],"members":{"__ctor__":[{"__symbolic":"constructor","parameters":[{"__symbolic":"reference","module":"@angular/core","name":"Renderer"},{"__symbolic":"reference","module":"@angular/core","name":"ElementRef"}]}],"writeValue":[{"__symbolic":"method"}],"registerOnChange":[{"__symbolic":"method"}],"registerOnTouched":[{"__symbolic":"method"}],"setDisabledState":[{"__symbolic":"method"}]}}}}