{"__symbolic":"module","version":1,"metadata":{"FormErrorExamples":{"formControlName":"\n    <div [formGroup]=\"myGroup\">\n      <input formControlName=\"firstName\">\n    </div>\n\n    In your class:\n\n    this.myGroup = new FormGroup({\n       firstName: new FormControl()\n    });","formGroupName":"\n    <div [formGroup]=\"myGroup\">\n       <div formGroupName=\"person\">\n          <input formControlName=\"firstName\">\n       </div>\n    </div>\n\n    In your class:\n\n    this.myGroup = new FormGroup({\n       person: new FormGroup({ firstName: new FormControl() })\n    });","formArrayName":"\n    <div [formGroup]=\"myGroup\">\n      <div formArrayName=\"cities\">\n        <div *ngFor=\"let city of cityArray.controls; let i=index\">\n          <input [formControlName]=\"i\">\n        </div>\n      </div>\n    </div>\n\n    In your class:\n\n    this.cityArray = new FormArray([new FormControl('SF')]);\n    this.myGroup = new FormGroup({\n      cities: this.cityArray\n    });","ngModelGroup":"\n    <form>\n       <div ngModelGroup=\"person\">\n          <input [(ngModel)]=\"person.name\" name=\"firstName\">\n       </div>\n    </form>","ngModelWithFormGroup":"\n    <div [formGroup]=\"myGroup\">\n       <input formControlName=\"firstName\">\n       <input [(ngModel)]=\"showMoreControls\" [ngModelOptions]=\"{standalone: true}\">\n    </div>\n  "}}}