{"__symbolic":"module","version":1,"metadata":{"ngControlStatusHost":{"[class.ng-untouched]":"ngClassUntouched","[class.ng-touched]":"ngClassTouched","[class.ng-pristine]":"ngClassPristine","[class.ng-dirty]":"ngClassDirty","[class.ng-valid]":"ngClassValid","[class.ng-invalid]":"ngClassInvalid","[class.ng-pending]":"ngClassPending"},"NgControlStatus":{"__symbolic":"class","decorators":[{"__symbolic":"call","expression":{"__symbolic":"reference","module":"@angular/core","name":"Directive"},"arguments":[{"selector":"[formControlName],[ngModel],[formControl]","host":{"__symbolic":"reference","name":"ngControlStatusHost"}}]}],"members":{"__ctor__":[{"__symbolic":"constructor","parameterDecorators":[[{"__symbolic":"call","expression":{"__symbolic":"reference","module":"@angular/core","name":"Self"}}]],"parameters":[{"__symbolic":"reference","module":"./ng_control","name":"NgControl"}]}]}},"NgControlStatusGroup":{"__symbolic":"class","decorators":[{"__symbolic":"call","expression":{"__symbolic":"reference","module":"@angular/core","name":"Directive"},"arguments":[{"selector":"[formGroupName],[formArrayName],[ngModelGroup],[formGroup],form:not([ngNoForm]),[ngForm]","host":{"__symbolic":"reference","name":"ngControlStatusHost"}}]}],"members":{"__ctor__":[{"__symbolic":"constructor","parameterDecorators":[[{"__symbolic":"call","expression":{"__symbolic":"reference","module":"@angular/core","name":"Self"}}]],"parameters":[{"__symbolic":"reference","module":"./control_container","name":"ControlContainer"}]}]}}}}