{"__symbolic":"module","version":1,"metadata":{"formDirectiveProvider":{"provide":{"__symbolic":"reference","module":"./control_container","name":"ControlContainer"},"useExisting":{"__symbolic":"reference","name":"NgForm"}},"NgForm":{"__symbolic":"class","decorators":[{"__symbolic":"call","expression":{"__symbolic":"reference","module":"@angular/core","name":"Directive"},"arguments":[{"selector":"form:not([ngNoForm]):not([formGroup]),ngForm,[ngForm]","providers":[{"__symbolic":"reference","name":"formDirectiveProvider"}],"host":{"(submit)":"onSubmit($event)","(reset)":"onReset()"},"outputs":["ngSubmit"],"exportAs":"ngForm"}]}],"members":{"__ctor__":[{"__symbolic":"constructor","parameterDecorators":[[{"__symbolic":"call","expression":{"__symbolic":"reference","module":"@angular/core","name":"Optional"}},{"__symbolic":"call","expression":{"__symbolic":"reference","module":"@angular/core","name":"Self"}},{"__symbolic":"call","expression":{"__symbolic":"reference","module":"@angular/core","name":"Inject"},"arguments":[{"__symbolic":"reference","module":"../validators","name":"NG_VALIDATORS"}]}],[{"__symbolic":"call","expression":{"__symbolic":"reference","module":"@angular/core","name":"Optional"}},{"__symbolic":"call","expression":{"__symbolic":"reference","module":"@angular/core","name":"Self"}},{"__symbolic":"call","expression":{"__symbolic":"reference","module":"@angular/core","name":"Inject"},"arguments":[{"__symbolic":"reference","module":"../validators","name":"NG_ASYNC_VALIDATORS"}]}]],"parameters":[{"__symbolic":"reference","name":"Array","arguments":[{"__symbolic":"reference","name":"any"}]},{"__symbolic":"reference","name":"Array","arguments":[{"__symbolic":"reference","name":"any"}]}]}],"addControl":[{"__symbolic":"method"}],"getControl":[{"__symbolic":"method"}],"removeControl":[{"__symbolic":"method"}],"addFormGroup":[{"__symbolic":"method"}],"removeFormGroup":[{"__symbolic":"method"}],"getFormGroup":[{"__symbolic":"method"}],"updateModel":[{"__symbolic":"method"}],"setValue":[{"__symbolic":"method"}],"onSubmit":[{"__symbolic":"method"}],"onReset":[{"__symbolic":"method"}],"resetForm":[{"__symbolic":"method"}],"_findContainer":[{"__symbolic":"method"}]}}}}