{"__symbolic":"module","version":1,"metadata":{"modelGroupProvider":{"provide":{"__symbolic":"reference","module":"./control_container","name":"ControlContainer"},"useExisting":{"__symbolic":"reference","name":"NgModelGroup"}},"NgModelGroup":{"__symbolic":"class","decorators":[{"__symbolic":"call","expression":{"__symbolic":"reference","module":"@angular/core","name":"Directive"},"arguments":[{"selector":"[ngModelGroup]","providers":[{"__symbolic":"reference","name":"modelGroupProvider"}],"exportAs":"ngModelGroup"}]}],"members":{"name":[{"__symbolic":"property","decorators":[{"__symbolic":"call","expression":{"__symbolic":"reference","module":"@angular/core","name":"Input"},"arguments":["ngModelGroup"]}]}],"__ctor__":[{"__symbolic":"constructor","parameterDecorators":[[{"__symbolic":"call","expression":{"__symbolic":"reference","module":"@angular/core","name":"Host"}},{"__symbolic":"call","expression":{"__symbolic":"reference","module":"@angular/core","name":"SkipSelf"}}],[{"__symbolic":"call","expression":{"__symbolic":"reference","module":"@angular/core","name":"Optional"}},{"__symbolic":"call","expression":{"__symbolic":"reference","module":"@angular/core","name":"Self"}},{"__symbolic":"call","expression":{"__symbolic":"reference","module":"@angular/core","name":"Inject"},"arguments":[{"__symbolic":"reference","module":"../validators","name":"NG_VALIDATORS"}]}],[{"__symbolic":"call","expression":{"__symbolic":"reference","module":"@angular/core","name":"Optional"}},{"__symbolic":"call","expression":{"__symbolic":"reference","module":"@angular/core","name":"Self"}},{"__symbolic":"call","expression":{"__symbolic":"reference","module":"@angular/core","name":"Inject"},"arguments":[{"__symbolic":"reference","module":"../validators","name":"NG_ASYNC_VALIDATORS"}]}]],"parameters":[{"__symbolic":"reference","module":"./control_container","name":"ControlContainer"},{"__symbolic":"reference","name":"Array","arguments":[{"__symbolic":"reference","name":"any"}]},{"__symbolic":"reference","name":"Array","arguments":[{"__symbolic":"reference","name":"any"}]}]}],"_checkParentType":[{"__symbolic":"method"}]}}}}