{"__symbolic":"module","version":1,"metadata":{"formControlBinding":{"provide":{"__symbolic":"reference","module":"./ng_control","name":"NgControl"},"useExisting":{"__symbolic":"reference","name":"NgModel"}},"NgModel":{"__symbolic":"class","decorators":[{"__symbolic":"call","expression":{"__symbolic":"reference","module":"@angular/core","name":"Directive"},"arguments":[{"selector":"[ngModel]:not([formControlName]):not([formControl])","providers":[{"__symbolic":"reference","name":"formControlBinding"}],"exportAs":"ngModel"}]}],"members":{"name":[{"__symbolic":"property","decorators":[{"__symbolic":"call","expression":{"__symbolic":"reference","module":"@angular/core","name":"Input"}}]}],"isDisabled":[{"__symbolic":"property","decorators":[{"__symbolic":"call","expression":{"__symbolic":"reference","module":"@angular/core","name":"Input"},"arguments":["disabled"]}]}],"model":[{"__symbolic":"property","decorators":[{"__symbolic":"call","expression":{"__symbolic":"reference","module":"@angular/core","name":"Input"},"arguments":["ngModel"]}]}],"options":[{"__symbolic":"property","decorators":[{"__symbolic":"call","expression":{"__symbolic":"reference","module":"@angular/core","name":"Input"},"arguments":["ngModelOptions"]}]}],"update":[{"__symbolic":"property","decorators":[{"__symbolic":"call","expression":{"__symbolic":"reference","module":"@angular/core","name":"Output"},"arguments":["ngModelChange"]}]}],"__ctor__":[{"__symbolic":"constructor","parameterDecorators":[[{"__symbolic":"call","expression":{"__symbolic":"reference","module":"@angular/core","name":"Optional"}},{"__symbolic":"call","expression":{"__symbolic":"reference","module":"@angular/core","name":"Host"}}],[{"__symbolic":"call","expression":{"__symbolic":"reference","module":"@angular/core","name":"Optional"}},{"__symbolic":"call","expression":{"__symbolic":"reference","module":"@angular/core","name":"Self"}},{"__symbolic":"call","expression":{"__symbolic":"reference","module":"@angular/core","name":"Inject"},"arguments":[{"__symbolic":"reference","module":"../validators","name":"NG_VALIDATORS"}]}],[{"__symbolic":"call","expression":{"__symbolic":"reference","module":"@angular/core","name":"Optional"}},{"__symbolic":"call","expression":{"__symbolic":"reference","module":"@angular/core","name":"Self"}},{"__symbolic":"call","expression":{"__symbolic":"reference","module":"@angular/core","name":"Inject"},"arguments":[{"__symbolic":"reference","module":"../validators","name":"NG_ASYNC_VALIDATORS"}]}],[{"__symbolic":"call","expression":{"__symbolic":"reference","module":"@angular/core","name":"Optional"}},{"__symbolic":"call","expression":{"__symbolic":"reference","module":"@angular/core","name":"Self"}},{"__symbolic":"call","expression":{"__symbolic":"reference","module":"@angular/core","name":"Inject"},"arguments":[{"__symbolic":"reference","module":"./control_value_accessor","name":"NG_VALUE_ACCESSOR"}]}]],"parameters":[{"__symbolic":"reference","module":"./control_container","name":"ControlContainer"},{"__symbolic":"reference","name":"Array","arguments":[{"__symbolic":"error","message":"Expression form not supported","line":128,"character":86}]},{"__symbolic":"reference","name":"Array","arguments":[{"__symbolic":"error","message":"Expression form not supported","line":128,"character":86}]},{"__symbolic":"reference","name":"Array","arguments":[{"__symbolic":"reference","module":"./control_value_accessor","name":"ControlValueAccessor"}]}]}],"ngOnChanges":[{"__symbolic":"method"}],"ngOnDestroy":[{"__symbolic":"method"}],"viewToModelUpdate":[{"__symbolic":"method"}],"_setUpControl":[{"__symbolic":"method"}],"_isStandalone":[{"__symbolic":"method"}],"_setUpStandalone":[{"__symbolic":"method"}],"_checkForErrors":[{"__symbolic":"method"}],"_checkParentType":[{"__symbolic":"method"}],"_checkName":[{"__symbolic":"method"}],"_updateValue":[{"__symbolic":"method"}],"_updateDisabled":[{"__symbolic":"method"}]}}}}