{"__symbolic":"module","version":1,"metadata":{"RADIO_VALUE_ACCESSOR":{"provide":{"__symbolic":"reference","module":"./control_value_accessor","name":"NG_VALUE_ACCESSOR"},"useExisting":{"__symbolic":"reference","name":"RadioControlValueAccessor"},"multi":true},"RadioControlRegistry":{"__symbolic":"class","decorators":[{"__symbolic":"call","expression":{"__symbolic":"reference","module":"@angular/core","name":"Injectable"}}],"members":{"add":[{"__symbolic":"method"}],"remove":[{"__symbolic":"method"}],"select":[{"__symbolic":"method"}],"_isSameGroup":[{"__symbolic":"method"}]}},"RadioControlValueAccessor":{"__symbolic":"class","decorators":[{"__symbolic":"call","expression":{"__symbolic":"reference","module":"@angular/core","name":"Directive"},"arguments":[{"selector":"input[type=radio][formControlName],input[type=radio][formControl],input[type=radio][ngModel]","host":{"(change)":"onChange()","(blur)":"onTouched()"},"providers":[{"__symbolic":"reference","name":"RADIO_VALUE_ACCESSOR"}]}]}],"members":{"name":[{"__symbolic":"property","decorators":[{"__symbolic":"call","expression":{"__symbolic":"reference","module":"@angular/core","name":"Input"}}]}],"formControlName":[{"__symbolic":"property","decorators":[{"__symbolic":"call","expression":{"__symbolic":"reference","module":"@angular/core","name":"Input"}}]}],"value":[{"__symbolic":"property","decorators":[{"__symbolic":"call","expression":{"__symbolic":"reference","module":"@angular/core","name":"Input"}}]}],"__ctor__":[{"__symbolic":"constructor","parameters":[{"__symbolic":"reference","module":"@angular/core","name":"Renderer"},{"__symbolic":"reference","module":"@angular/core","name":"ElementRef"},{"__symbolic":"reference","name":"RadioControlRegistry"},{"__symbolic":"reference","module":"@angular/core","name":"Injector"}]}],"ngOnInit":[{"__symbolic":"method"}],"ngOnDestroy":[{"__symbolic":"method"}],"writeValue":[{"__symbolic":"method"}],"registerOnChange":[{"__symbolic":"method"}],"fireUncheck":[{"__symbolic":"method"}],"registerOnTouched":[{"__symbolic":"method"}],"setDisabledState":[{"__symbolic":"method"}],"_checkName":[{"__symbolic":"method"}],"_throwNameError":[{"__symbolic":"method"}]}}}}