{"__symbolic":"module","version":1,"metadata":{"RANGE_VALUE_ACCESSOR":{"provide":{"__symbolic":"reference","module":"./control_value_accessor","name":"NG_VALUE_ACCESSOR"},"useExisting":{"__symbolic":"reference","name":"RangeValueAccessor"},"multi":true},"RangeValueAccessor":{"__symbolic":"class","decorators":[{"__symbolic":"call","expression":{"__symbolic":"reference","module":"@angular/core","name":"Directive"},"arguments":[{"selector":"input[type=range][formControlName],input[type=range][formControl],input[type=range][ngModel]","host":{"(change)":"onChange($event.target.value)","(input)":"onChange($event.target.value)","(blur)":"onTouched()"},"providers":[{"__symbolic":"reference","name":"RANGE_VALUE_ACCESSOR"}]}]}],"members":{"__ctor__":[{"__symbolic":"constructor","parameters":[{"__symbolic":"reference","module":"@angular/core","name":"Renderer"},{"__symbolic":"reference","module":"@angular/core","name":"ElementRef"}]}],"writeValue":[{"__symbolic":"method"}],"registerOnChange":[{"__symbolic":"method"}],"registerOnTouched":[{"__symbolic":"method"}],"setDisabledState":[{"__symbolic":"method"}]}}}}