{"__symbolic":"module","version":1,"metadata":{"SELECT_VALUE_ACCESSOR":{"provide":{"__symbolic":"reference","module":"./control_value_accessor","name":"NG_VALUE_ACCESSOR"},"useExisting":{"__symbolic":"reference","name":"SelectControlValueAccessor"},"multi":true},"SelectControlValueAccessor":{"__symbolic":"class","decorators":[{"__symbolic":"call","expression":{"__symbolic":"reference","module":"@angular/core","name":"Directive"},"arguments":[{"selector":"select:not([multiple])[formControlName],select:not([multiple])[formControl],select:not([multiple])[ngModel]","host":{"(change)":"onChange($event.target.value)","(blur)":"onTouched()"},"providers":[{"__symbolic":"reference","name":"SELECT_VALUE_ACCESSOR"}]}]}],"members":{"__ctor__":[{"__symbolic":"constructor","parameters":[{"__symbolic":"reference","module":"@angular/core","name":"Renderer"},{"__symbolic":"reference","module":"@angular/core","name":"ElementRef"}]}],"writeValue":[{"__symbolic":"method"}],"registerOnChange":[{"__symbolic":"method"}],"registerOnTouched":[{"__symbolic":"method"}],"setDisabledState":[{"__symbolic":"method"}],"_registerOption":[{"__symbolic":"method"}],"_getOptionId":[{"__symbolic":"method"}],"_getOptionValue":[{"__symbolic":"method"}]}},"NgSelectOption":{"__symbolic":"class","decorators":[{"__symbolic":"call","expression":{"__symbolic":"reference","module":"@angular/core","name":"Directive"},"arguments":[{"selector":"option"}]}],"members":{"__ctor__":[{"__symbolic":"constructor","parameterDecorators":[null,null,[{"__symbolic":"call","expression":{"__symbolic":"reference","module":"@angular/core","name":"Optional"}},{"__symbolic":"call","expression":{"__symbolic":"reference","module":"@angular/core","name":"Host"}}]],"parameters":[{"__symbolic":"reference","module":"@angular/core","name":"ElementRef"},{"__symbolic":"reference","module":"@angular/core","name":"Renderer"},{"__symbolic":"reference","name":"SelectControlValueAccessor"}]}],"ngValue":[{"__symbolic":"property","decorators":[{"__symbolic":"call","expression":{"__symbolic":"reference","module":"@angular/core","name":"Input"},"arguments":["ngValue"]}]}],"value":[{"__symbolic":"property","decorators":[{"__symbolic":"call","expression":{"__symbolic":"reference","module":"@angular/core","name":"Input"},"arguments":["value"]}]}],"_setElementValue":[{"__symbolic":"method"}],"ngOnDestroy":[{"__symbolic":"method"}]}}}}