{"__symbolic":"module","version":1,"metadata":{"REQUIRED_VALIDATOR":{"provide":{"__symbolic":"reference","module":"../validators","name":"NG_VALIDATORS"},"useExisting":{"__symbolic":"reference","name":"RequiredValidator"},"multi":true},"RequiredValidator":{"__symbolic":"class","decorators":[{"__symbolic":"call","expression":{"__symbolic":"reference","module":"@angular/core","name":"Directive"},"arguments":[{"selector":"[required][formControlName],[required][formControl],[required][ngModel]","providers":[{"__symbolic":"reference","name":"REQUIRED_VALIDATOR"}],"host":{"[attr.required]":"required ? \"\" : null"}}]}],"members":{"required":[{"__symbolic":"property","decorators":[{"__symbolic":"call","expression":{"__symbolic":"reference","module":"@angular/core","name":"Input"}}]}],"validate":[{"__symbolic":"method"}],"registerOnValidatorChange":[{"__symbolic":"method"}]}},"MIN_LENGTH_VALIDATOR":{"provide":{"__symbolic":"reference","module":"../validators","name":"NG_VALIDATORS"},"useExisting":{"__symbolic":"reference","name":"MinLengthValidator"},"multi":true},"MinLengthValidator":{"__symbolic":"class","decorators":[{"__symbolic":"call","expression":{"__symbolic":"reference","module":"@angular/core","name":"Directive"},"arguments":[{"selector":"[minlength][formControlName],[minlength][formControl],[minlength][ngModel]","providers":[{"__symbolic":"reference","name":"MIN_LENGTH_VALIDATOR"}],"host":{"[attr.minlength]":"minlength ? minlength : null"}}]}],"members":{"minlength":[{"__symbolic":"property","decorators":[{"__symbolic":"call","expression":{"__symbolic":"reference","module":"@angular/core","name":"Input"}}]}],"ngOnChanges":[{"__symbolic":"method"}],"validate":[{"__symbolic":"method"}],"registerOnValidatorChange":[{"__symbolic":"method"}],"_createValidator":[{"__symbolic":"method"}]}},"MAX_LENGTH_VALIDATOR":{"provide":{"__symbolic":"reference","module":"../validators","name":"NG_VALIDATORS"},"useExisting":{"__symbolic":"reference","name":"MaxLengthValidator"},"multi":true},"MaxLengthValidator":{"__symbolic":"class","decorators":[{"__symbolic":"call","expression":{"__symbolic":"reference","module":"@angular/core","name":"Directive"},"arguments":[{"selector":"[maxlength][formControlName],[maxlength][formControl],[maxlength][ngModel]","providers":[{"__symbolic":"reference","name":"MAX_LENGTH_VALIDATOR"}],"host":{"[attr.maxlength]":"maxlength ? maxlength : null"}}]}],"members":{"maxlength":[{"__symbolic":"property","decorators":[{"__symbolic":"call","expression":{"__symbolic":"reference","module":"@angular/core","name":"Input"}}]}],"ngOnChanges":[{"__symbolic":"method"}],"validate":[{"__symbolic":"method"}],"registerOnValidatorChange":[{"__symbolic":"method"}],"_createValidator":[{"__symbolic":"method"}]}},"PATTERN_VALIDATOR":{"provide":{"__symbolic":"reference","module":"../validators","name":"NG_VALIDATORS"},"useExisting":{"__symbolic":"reference","name":"PatternValidator"},"multi":true},"PatternValidator":{"__symbolic":"class","decorators":[{"__symbolic":"call","expression":{"__symbolic":"reference","module":"@angular/core","name":"Directive"},"arguments":[{"selector":"[pattern][formControlName],[pattern][formControl],[pattern][ngModel]","providers":[{"__symbolic":"reference","name":"PATTERN_VALIDATOR"}],"host":{"[attr.pattern]":"pattern ? pattern : null"}}]}],"members":{"pattern":[{"__symbolic":"property","decorators":[{"__symbolic":"call","expression":{"__symbolic":"reference","module":"@angular/core","name":"Input"}}]}],"ngOnChanges":[{"__symbolic":"method"}],"validate":[{"__symbolic":"method"}],"registerOnValidatorChange":[{"__symbolic":"method"}],"_createValidator":[{"__symbolic":"method"}]}}}}