{"__symbolic":"module","version":1,"metadata":{"SHARED_FORM_DIRECTIVES":[{"__symbolic":"reference","module":"./directives/select_control_value_accessor","name":"NgSelectOption"},{"__symbolic":"reference","module":"./directives/select_multiple_control_value_accessor","name":"NgSelectMultipleOption"},{"__symbolic":"reference","module":"./directives/default_value_accessor","name":"DefaultValueAccessor"},{"__symbolic":"reference","module":"./directives/number_value_accessor","name":"NumberValueAccessor"},{"__symbolic":"reference","module":"./directives/range_value_accessor","name":"RangeValueAccessor"},{"__symbolic":"reference","module":"./directives/checkbox_value_accessor","name":"CheckboxControlValueAccessor"},{"__symbolic":"reference","module":"./directives/select_control_value_accessor","name":"SelectControlValueAccessor"},{"__symbolic":"reference","module":"./directives/select_multiple_control_value_accessor","name":"SelectMultipleControlValueAccessor"},{"__symbolic":"reference","module":"./directives/radio_control_value_accessor","name":"RadioControlValueAccessor"},{"__symbolic":"reference","module":"./directives/ng_control_status","name":"NgControlStatus"},{"__symbolic":"reference","module":"./directives/ng_control_status","name":"NgControlStatusGroup"},{"__symbolic":"reference","module":"./directives/validators","name":"RequiredValidator"},{"__symbolic":"reference","module":"./directives/validators","name":"MinLengthValidator"},{"__symbolic":"reference","module":"./directives/validators","name":"MaxLengthValidator"},{"__symbolic":"reference","module":"./directives/validators","name":"PatternValidator"}],"TEMPLATE_DRIVEN_DIRECTIVES":[{"__symbolic":"reference","module":"./directives/ng_model","name":"NgModel"},{"__symbolic":"reference","module":"./directives/ng_model_group","name":"NgModelGroup"},{"__symbolic":"reference","module":"./directives/ng_form","name":"NgForm"}],"REACTIVE_DRIVEN_DIRECTIVES":[{"__symbolic":"reference","module":"./directives/reactive_directives/form_control_directive","name":"FormControlDirective"},{"__symbolic":"reference","module":"./directives/reactive_directives/form_group_directive","name":"FormGroupDirective"},{"__symbolic":"reference","module":"./directives/reactive_directives/form_control_name","name":"FormControlName"},{"__symbolic":"reference","module":"./directives/reactive_directives/form_group_name","name":"FormGroupName"},{"__symbolic":"reference","module":"./directives/reactive_directives/form_group_name","name":"FormArrayName"}],"InternalFormsSharedModule":{"__symbolic":"class","decorators":[{"__symbolic":"call","expression":{"__symbolic":"reference","module":"@angular/core","name":"NgModule"},"arguments":[{"declarations":{"__symbolic":"reference","name":"SHARED_FORM_DIRECTIVES"},"exports":{"__symbolic":"reference","name":"SHARED_FORM_DIRECTIVES"}}]}]}},"exports":[{"from":"./directives/checkbox_value_accessor","export":["CheckboxControlValueAccessor"]},{"from":"./directives/control_value_accessor","export":["ControlValueAccessor"]},{"from":"./directives/default_value_accessor","export":["DefaultValueAccessor"]},{"from":"./directives/ng_control","export":["NgControl"]},{"from":"./directives/ng_control_status","export":["NgControlStatus","NgControlStatusGroup"]},{"from":"./directives/ng_form","export":["NgForm"]},{"from":"./directives/ng_model","export":["NgModel"]},{"from":"./directives/ng_model_group","export":["NgModelGroup"]},{"from":"./directives/number_value_accessor","export":["NumberValueAccessor"]},{"from":"./directives/radio_control_value_accessor","export":["RadioControlValueAccessor"]},{"from":"./directives/range_value_accessor","export":["RangeValueAccessor"]},{"from":"./directives/reactive_directives/form_control_directive","export":["FormControlDirective"]},{"from":"./directives/reactive_directives/form_control_name","export":["FormControlName"]},{"from":"./directives/reactive_directives/form_group_directive","export":["FormGroupDirective"]},{"from":"./directives/reactive_directives/form_group_name","export":["FormArrayName","FormGroupName"]},{"from":"./directives/select_control_value_accessor","export":["NgSelectOption","SelectControlValueAccessor"]},{"from":"./directives/select_multiple_control_value_accessor","export":["NgSelectMultipleOption","SelectMultipleControlValueAccessor"]},{"from":"./directives/validators","export":["MaxLengthValidator","MinLengthValidator","PatternValidator","RequiredValidator"]}]}