{"__symbolic":"module","version":1,"metadata":{"FormsModule":{"__symbolic":"class","decorators":[{"__symbolic":"call","expression":{"__symbolic":"reference","module":"@angular/core","name":"NgModule"},"arguments":[{"declarations":{"__symbolic":"reference","module":"./directives","name":"TEMPLATE_DRIVEN_DIRECTIVES"},"providers":[{"__symbolic":"reference","module":"./directives/radio_control_value_accessor","name":"RadioControlRegistry"}],"exports":[{"__symbolic":"reference","module":"./directives","name":"InternalFormsSharedModule"},{"__symbolic":"reference","module":"./directives","name":"TEMPLATE_DRIVEN_DIRECTIVES"}]}]}]},"ReactiveFormsModule":{"__symbolic":"class","decorators":[{"__symbolic":"call","expression":{"__symbolic":"reference","module":"@angular/core","name":"NgModule"},"arguments":[{"declarations":[{"__symbolic":"reference","module":"./directives","name":"REACTIVE_DRIVEN_DIRECTIVES"}],"providers":[{"__symbolic":"reference","module":"./form_builder","name":"FormBuilder"},{"__symbolic":"reference","module":"./directives/radio_control_value_accessor","name":"RadioControlRegistry"}],"exports":[{"__symbolic":"reference","module":"./directives","name":"InternalFormsSharedModule"},{"__symbolic":"reference","module":"./directives","name":"REACTIVE_DRIVEN_DIRECTIVES"}]}]}]}}}