{"__symbolic":"module","version":1,"metadata":{},"exports":[{"from":"./directives/abstract_control_directive","export":["AbstractControlDirective"]},{"from":"./directives/abstract_form_group_directive","export":["AbstractFormGroupDirective"]},{"from":"./directives/checkbox_value_accessor","export":["CheckboxControlValueAccessor"]},{"from":"./directives/control_container","export":["ControlContainer"]},{"from":"./directives/control_value_accessor","export":["ControlValueAccessor","NG_VALUE_ACCESSOR"]},{"from":"./directives/default_value_accessor","export":["DefaultValueAccessor"]},{"from":"./directives/form_interface","export":["Form"]},{"from":"./directives/ng_control","export":["NgControl"]},{"from":"./directives/ng_control_status","export":["NgControlStatus","NgControlStatusGroup"]},{"from":"./directives/ng_form","export":["NgForm"]},{"from":"./directives/ng_model","export":["NgModel"]},{"from":"./directives/ng_model_group","export":["NgModelGroup"]},{"from":"./directives/radio_control_value_accessor","export":["RadioControlValueAccessor"]},{"from":"./directives/reactive_directives/form_control_directive","export":["FormControlDirective"]},{"from":"./directives/reactive_directives/form_control_name","export":["FormControlName"]},{"from":"./directives/reactive_directives/form_group_directive","export":["FormGroupDirective"]},{"from":"./directives/reactive_directives/form_group_name","export":["FormArrayName"]},{"from":"./directives/reactive_directives/form_group_name","export":["FormGroupName"]},{"from":"./directives/select_control_value_accessor","export":["NgSelectOption","SelectControlValueAccessor"]},{"from":"./directives/select_multiple_control_value_accessor","export":["SelectMultipleControlValueAccessor"]},{"from":"./directives/validators","export":["AsyncValidatorFn","MaxLengthValidator","MinLengthValidator","PatternValidator","RequiredValidator","Validator","ValidatorFn"]},{"from":"./form_builder","export":["FormBuilder"]},{"from":"./model","export":["AbstractControl","FormArray","FormControl","FormGroup"]},{"from":"./validators","export":["NG_ASYNC_VALIDATORS","NG_VALIDATORS","Validators"]},{"from":"./form_providers"}]}