{"__symbolic":"module","version":1,"metadata":{"JSONP_HOME":"__ng_jsonp__","BrowserJsonp":{"__symbolic":"class","decorators":[{"__symbolic":"call","expression":{"__symbolic":"reference","module":"@angular/core","name":"Injectable"}}],"members":{"build":[{"__symbolic":"method"}],"nextRequestID":[{"__symbolic":"method"}],"requestCallback":[{"__symbolic":"method"}],"exposeConnection":[{"__symbolic":"method"}],"removeConnection":[{"__symbolic":"method"}],"send":[{"__symbolic":"method"}],"cleanup":[{"__symbolic":"method"}]}}}}