{"__symbolic":"module","version":1,"metadata":{"XHRBackend":{"__symbolic":"class","decorators":[{"__symbolic":"call","expression":{"__symbolic":"reference","module":"@angular/core","name":"Injectable"}}],"members":{"__ctor__":[{"__symbolic":"constructor","parameters":[{"__symbolic":"reference","module":"./browser_xhr","name":"BrowserXhr"},{"__symbolic":"reference","module":"../base_response_options","name":"ResponseOptions"},{"__symbolic":"reference","module":"../interfaces","name":"XSRFStrategy"}]}],"createConnection":[{"__symbolic":"method"}]}}}}