{"__symbolic":"module","version":1,"metadata":{"formDirectiveProvider":{"provide":{"__symbolic":"reference","module":"../control_container","name":"ControlContainer"},"useExisting":{"__symbolic":"reference","name":"FormGroupDirective"}},"FormGroupDirective":{"__symbolic":"class","decorators":[{"__symbolic":"call","expression":{"__symbolic":"reference","module":"@angular/core","name":"Directive"},"arguments":[{"selector":"[formGroup]","providers":[{"__symbolic":"reference","name":"formDirectiveProvider"}],"host":{"(submit)":"onSubmit($event)","(reset)":"onReset()"},"exportAs":"ngForm"}]}],"members":{"form":[{"__symbolic":"property","decorators":[{"__symbolic":"call","expression":{"__symbolic":"reference","module":"@angular/core","name":"Input"},"arguments":["formGroup"]}]}],"ngSubmit":[{"__symbolic":"property","decorators":[{"__symbolic":"call","expression":{"__symbolic":"reference","module":"@angular/core","name":"Output"}}]}],"__ctor__":[{"__symbolic":"constructor","parameterDecorators":[[{"__symbolic":"call","expression":{"__symbolic":"reference","module":"@angular/core","name":"Optional"}},{"__symbolic":"call","expression":{"__symbolic":"reference","module":"@angular/core","name":"Self"}},{"__symbolic":"call","expression":{"__symbolic":"reference","module":"@angular/core","name":"Inject"},"arguments":[{"__symbolic":"reference","module":"../../validators","name":"NG_VALIDATORS"}]}],[{"__symbolic":"call","expression":{"__symbolic":"reference","module":"@angular/core","name":"Optional"}},{"__symbolic":"call","expression":{"__symbolic":"reference","module":"@angular/core","name":"Self"}},{"__symbolic":"call","expression":{"__symbolic":"reference","module":"@angular/core","name":"Inject"},"arguments":[{"__symbolic":"reference","module":"../../validators","name":"NG_ASYNC_VALIDATORS"}]}]],"parameters":[{"__symbolic":"reference","name":"Array","arguments":[{"__symbolic":"reference","name":"any"}]},{"__symbolic":"reference","name":"Array","arguments":[{"__symbolic":"reference","name":"any"}]}]}],"ngOnChanges":[{"__symbolic":"method"}],"addControl":[{"__symbolic":"method"}],"getControl":[{"__symbolic":"method"}],"removeControl":[{"__symbolic":"method"}],"addFormGroup":[{"__symbolic":"method"}],"removeFormGroup":[{"__symbolic":"method"}],"getFormGroup":[{"__symbolic":"method"}],"addFormArray":[{"__symbolic":"method"}],"removeFormArray":[{"__symbolic":"method"}],"getFormArray":[{"__symbolic":"method"}],"updateModel":[{"__symbolic":"method"}],"onSubmit":[{"__symbolic":"method"}],"onReset":[{"__symbolic":"method"}],"resetForm":[{"__symbolic":"method"}],"_updateDomValue":[{"__symbolic":"method"}],"_updateRegistrations":[{"__symbolic":"method"}],"_updateValidators":[{"__symbolic":"method"}],"_checkFormPresent":[{"__symbolic":"method"}]}}}}