{"__symbolic":"module","version":1,"metadata":{"formControlBinding":{"provide":{"__symbolic":"reference","module":"../ng_control","name":"NgControl"},"useExisting":{"__symbolic":"reference","name":"FormControlDirective"}},"FormControlDirective":{"__symbolic":"class","decorators":[{"__symbolic":"call","expression":{"__symbolic":"reference","module":"@angular/core","name":"Directive"},"arguments":[{"selector":"[formControl]","providers":[{"__symbolic":"reference","name":"formControlBinding"}],"exportAs":"ngForm"}]}],"members":{"form":[{"__symbolic":"property","decorators":[{"__symbolic":"call","expression":{"__symbolic":"reference","module":"@angular/core","name":"Input"},"arguments":["formControl"]}]}],"model":[{"__symbolic":"property","decorators":[{"__symbolic":"call","expression":{"__symbolic":"reference","module":"@angular/core","name":"Input"},"arguments":["ngModel"]}]}],"update":[{"__symbolic":"property","decorators":[{"__symbolic":"call","expression":{"__symbolic":"reference","module":"@angular/core","name":"Output"},"arguments":["ngModelChange"]}]}],"isDisabled":[{"__symbolic":"property","decorators":[{"__symbolic":"call","expression":{"__symbolic":"reference","module":"@angular/core","name":"Input"},"arguments":["disabled"]}]}],"__ctor__":[{"__symbolic":"constructor","parameterDecorators":[[{"__symbolic":"call","expression":{"__symbolic":"reference","module":"@angular/core","name":"Optional"}},{"__symbolic":"call","expression":{"__symbolic":"reference","module":"@angular/core","name":"Self"}},{"__symbolic":"call","expression":{"__symbolic":"reference","module":"@angular/core","name":"Inject"},"arguments":[{"__symbolic":"reference","module":"../../validators","name":"NG_VALIDATORS"}]}],[{"__symbolic":"call","expression":{"__symbolic":"reference","module":"@angular/core","name":"Optional"}},{"__symbolic":"call","expression":{"__symbolic":"reference","module":"@angular/core","name":"Self"}},{"__symbolic":"call","expression":{"__symbolic":"reference","module":"@angular/core","name":"Inject"},"arguments":[{"__symbolic":"reference","module":"../../validators","name":"NG_ASYNC_VALIDATORS"}]}],[{"__symbolic":"call","expression":{"__symbolic":"reference","module":"@angular/core","name":"Optional"}},{"__symbolic":"call","expression":{"__symbolic":"reference","module":"@angular/core","name":"Self"}},{"__symbolic":"call","expression":{"__symbolic":"reference","module":"@angular/core","name":"Inject"},"arguments":[{"__symbolic":"reference","module":"../control_value_accessor","name":"NG_VALUE_ACCESSOR"}]}]],"parameters":[{"__symbolic":"reference","name":"Array","arguments":[{"__symbolic":"error","message":"Expression form not supported","line":79,"character":86}]},{"__symbolic":"reference","name":"Array","arguments":[{"__symbolic":"error","message":"Expression form not supported","line":79,"character":86}]},{"__symbolic":"reference","name":"Array","arguments":[{"__symbolic":"reference","module":"../control_value_accessor","name":"ControlValueAccessor"}]}]}],"ngOnChanges":[{"__symbolic":"method"}],"viewToModelUpdate":[{"__symbolic":"method"}],"_isControlChanged":[{"__symbolic":"method"}]}}}}