{"__symbolic":"module","version":1,"metadata":{"SystemJsNgModuleLoader":{"__symbolic":"class","decorators":[{"__symbolic":"call","expression":{"__symbolic":"reference","module":"../di","name":"Injectable"}}],"members":{"__ctor__":[{"__symbolic":"constructor","parameterDecorators":[null,[{"__symbolic":"call","expression":{"__symbolic":"reference","module":"../di","name":"Optional"}}]],"parameters":[{"__symbolic":"reference","module":"./compiler","name":"Compiler"},{"__symbolic":"reference","name":"SystemJsNgModuleLoaderConfig"}]}],"load":[{"__symbolic":"method"}],"loadAndCompile":[{"__symbolic":"method"}],"loadFactory":[{"__symbolic":"method"}]}}}}