{"__symbolic":"module","version":1,"metadata":{"ViewUtils":{"__symbolic":"class","decorators":[{"__symbolic":"call","expression":{"__symbolic":"reference","module":"../di","name":"Injectable"}}],"members":{"__ctor__":[{"__symbolic":"constructor","parameters":[{"__symbolic":"reference","module":"../render/api","name":"RootRenderer"},{"__symbolic":"reference","module":"../security","name":"Sanitizer"}]}],"renderComponent":[{"__symbolic":"method"}]}},"createRenderComponentType":{"__symbolic":"function","parameters":["templateUrl","slotCount","encapsulation","styles","animations"],"value":{"__symbolic":"error","message":"Expression form not supported","line":39,"character":6}},"castByValue":{"__symbolic":"function","parameters":["input","value"],"value":{"__symbolic":"reference","name":"input"}},"EMPTY_ARRAY":[],"EMPTY_MAP":{},"EMPTY_INLINE_ARRAY":{"__symbolic":"error","message":"Reference to non-exported class","line":417,"character":0,"context":{"className":"InlineArray0"}}}}