{"__symbolic":"module","version":1,"metadata":{},"exports":[{"from":"./linker/compiler","export":["COMPILER_OPTIONS","Compiler","CompilerFactory","CompilerOptions","ModuleWithComponentFactories"]},{"from":"./linker/component_factory","export":["ComponentFactory","ComponentRef"]},{"from":"./linker/component_factory_resolver","export":["ComponentFactoryResolver"]},{"from":"./linker/element_ref","export":["ElementRef"]},{"from":"./linker/ng_module_factory","export":["NgModuleFactory","NgModuleRef"]},{"from":"./linker/ng_module_factory_loader","export":["NgModuleFactoryLoader","getModuleFactory"]},{"from":"./linker/query_list","export":["QueryList"]},{"from":"./linker/system_js_ng_module_factory_loader","export":["SystemJsNgModuleLoader","SystemJsNgModuleLoaderConfig"]},{"from":"./linker/template_ref","export":["TemplateRef"]},{"from":"./linker/view_container_ref","export":["ViewContainerRef"]},{"from":"./linker/view_ref","export":["EmbeddedViewRef","ViewRef"]}]}