{"__symbolic":"module","version":1,"metadata":{},"exports":[{"from":"./metadata/di","export":["ANALYZE_FOR_ENTRY_COMPONENTS","Attribute","ContentChild","ContentChildDecorator","ContentChildren","ContentChildrenDecorator","Query","ViewChild","ViewChildDecorator","ViewChildren","ViewChildrenDecorator"]},{"from":"./metadata/directives","export":["Component","ComponentDecorator","Directive","DirectiveDecorator","HostBinding","HostListener","Input","Output","Pipe"]},{"from":"./metadata/lifecycle_hooks","export":["AfterContentChecked","AfterContentInit","AfterViewChecked","AfterViewInit","DoCheck","OnChanges","OnDestroy","OnInit"]},{"from":"./metadata/ng_module","export":["CUSTOM_ELEMENTS_SCHEMA","ModuleWithProviders","NO_ERRORS_SCHEMA","NgModule","SchemaMetadata"]},{"from":"./metadata/view","export":["ViewEncapsulation"]}]}