{"__symbolic":"module","version":1,"metadata":{"getTypeNameForDebugging":{"__symbolic":"function","parameters":["type"],"value":{"__symbolic":"binop","operator":"||","left":{"__symbolic":"index","expression":{"__symbolic":"reference","name":"type"},"index":"name"},"right":{"__symbolic":"error","message":"Expression form not supported","line":60,"character":25}}},"isPresent":{"__symbolic":"function","parameters":["obj"],"value":{"__symbolic":"binop","operator":"!=","left":{"__symbolic":"reference","name":"obj"},"right":null}},"isBlank":{"__symbolic":"function","parameters":["obj"],"value":{"__symbolic":"binop","operator":"==","left":{"__symbolic":"reference","name":"obj"},"right":null}},"isStrictStringMap":{"__symbolic":"function","parameters":["obj"],"value":{"__symbolic":"binop","operator":"&&","left":{"__symbolic":"binop","operator":"&&","left":{"__symbolic":"binop","operator":"===","left":{"__symbolic":"error","message":"Expression form not supported","line":80,"character":9},"right":"object"},"right":{"__symbolic":"binop","operator":"!==","left":{"__symbolic":"reference","name":"obj"},"right":null}},"right":{"__symbolic":"binop","operator":"===","left":{"__symbolic":"call","expression":{"__symbolic":"select","expression":{"__symbolic":"reference","name":"Object"},"member":"getPrototypeOf"},"arguments":[{"__symbolic":"reference","name":"obj"}]},"right":{"__symbolic":"call","expression":{"__symbolic":"select","expression":{"__symbolic":"reference","name":"Object"},"member":"getPrototypeOf"},"arguments":[{}]}}}},"isDate":{"__symbolic":"function","parameters":["obj"],"value":{"__symbolic":"binop","operator":"&&","left":{"__symbolic":"binop","operator":"instanceof","left":{"__symbolic":"reference","name":"obj"},"right":{"__symbolic":"reference","name":"Date"}},"right":{"__symbolic":"pre","operator":"!","operand":{"__symbolic":"call","expression":{"__symbolic":"reference","name":"isNaN"},"arguments":[{"__symbolic":"call","expression":{"__symbolic":"select","expression":{"__symbolic":"reference","name":"obj"},"member":"valueOf"}}]}}}},"looseIdentical":{"__symbolic":"function","parameters":["a","b"],"value":{"__symbolic":"binop","operator":"||","left":{"__symbolic":"binop","operator":"===","left":{"__symbolic":"reference","name":"a"},"right":{"__symbolic":"reference","name":"b"}},"right":{"__symbolic":"binop","operator":"&&","left":{"__symbolic":"binop","operator":"&&","left":{"__symbolic":"binop","operator":"&&","left":{"__symbolic":"binop","operator":"===","left":{"__symbolic":"error","message":"Expression form not supported","line":123,"character":20},"right":"number"},"right":{"__symbolic":"binop","operator":"===","left":{"__symbolic":"error","message":"Expression form not supported","line":123,"character":45},"right":"number"}},"right":{"__symbolic":"call","expression":{"__symbolic":"reference","name":"isNaN"},"arguments":[{"__symbolic":"reference","name":"a"}]}},"right":{"__symbolic":"call","expression":{"__symbolic":"reference","name":"isNaN"},"arguments":[{"__symbolic":"reference","name":"b"}]}}}},"isJsObject":{"__symbolic":"function","parameters":["o"],"value":{"__symbolic":"binop","operator":"&&","left":{"__symbolic":"binop","operator":"!==","left":{"__symbolic":"reference","name":"o"},"right":null},"right":{"__symbolic":"binop","operator":"||","left":{"__symbolic":"binop","operator":"===","left":{"__symbolic":"error","message":"Expression form not supported","line":127,"character":24},"right":"function"},"right":{"__symbolic":"binop","operator":"===","left":{"__symbolic":"error","message":"Expression form not supported","line":127,"character":51},"right":"object"}}}},"isPrimitive":{"__symbolic":"function","parameters":["obj"],"value":{"__symbolic":"pre","operator":"!","operand":{"__symbolic":"call","expression":{"__symbolic":"reference","name":"isJsObject"},"arguments":[{"__symbolic":"reference","name":"obj"}]}}},"escapeRegExp":{"__symbolic":"function","parameters":["s"],"value":{"__symbolic":"error","message":"Expression form not supported","line":183,"character":19}}}}